{"MSE": 0.8308927312921991, "R2": 0.16983483176840752}