{"mse": 0.7921678040464966, "r2": 0.20852584991185463}